Feature,Importance
TNX_Momentum,0.07520444960308612
Price_VIX_Corr,0.07039962101327667
Return_5days,0.07017857458178686
VIX_SMA20_Ratio,0.06987967675197655
SMA200_LogDist,0.06946747772688514
Vol_VIX_Divergence,0.0692950268096795
Vol_Shock,0.06904336833634521
SMA_Cross_Ratio,0.06834588786333617
VIX_Change_5d,0.06826728077403395
RSI,0.06533878878892296
BB_Position,0.06322629819081334
RSI_BB_Interaction,0.06314650283195293
Return_20days,0.0597093666693518
Momentum_20,0.059349534869879914
Dist_From_High,0.059148145188672674
