Feature,Importance
TNX_Momentum,0.07505377187249067
Price_VIX_Corr,0.0704998650491716
Return_5days,0.06996120020938655
VIX_SMA20_Ratio,0.06983423878164734
SMA200_LogDist,0.06973364484494587
Vol_VIX_Divergence,0.06908501706074893
Vol_Shock,0.06891050664508627
SMA_Cross_Ratio,0.06844279577654169
VIX_Change_5d,0.06823603708264385
RSI,0.06544457555668258
RSI_BB_Interaction,0.0633934022412737
BB_Position,0.06328254426501043
Return_20days,0.05990140783229821
Momentum_20,0.059310155752424085
Dist_From_High,0.05891083702964855
