Feature,Importance
TNX_Momentum,0.07622676261750634
Return_5days,0.07030556011921417
Price_VIX_Corr,0.07028998224154438
VIX_SMA20_Ratio,0.06990765824498708
SMA200_LogDist,0.0694080346918765
Vol_VIX_Divergence,0.06800129876534403
VIX_Change_5d,0.06796654539971307
SMA_Cross_Ratio,0.06792398289816048
Vol_Shock,0.06752407171503796
RSI,0.06672403984934357
BB_Position,0.06337689220540248
RSI_BB_Interaction,0.06288728234101869
Return_20days,0.06057845298433581
Dist_From_High,0.06015572534861939
Momentum_20,0.05872371057789614
