Feature,Importance
TNX_Momentum,0.07632377102268087
Price_VIX_Corr,0.07029463486161774
Return_5days,0.06984812539036744
VIX_SMA20_Ratio,0.06968870600175235
SMA200_LogDist,0.06961390215839071
SMA_Cross_Ratio,0.06820085715863725
VIX_Change_5d,0.068155914795708
Vol_VIX_Divergence,0.06776848763116824
Vol_Shock,0.06748882707377175
RSI,0.06672685935542631
BB_Position,0.06314850924587513
RSI_BB_Interaction,0.06298671084519919
Return_20days,0.06067949381079694
Dist_From_High,0.06024442200776259
Momentum_20,0.058830778640845446
