Feature,Importance
TNX_Momentum,0.07615159431238049
Price_VIX_Corr,0.07028330440394664
VIX_SMA20_Ratio,0.07006074970021349
Return_5days,0.06985737819607467
SMA200_LogDist,0.06952644705142999
SMA_Cross_Ratio,0.06821569244363913
VIX_Change_5d,0.06805151342451012
Vol_Shock,0.0677741549529794
Vol_VIX_Divergence,0.06773393540615025
RSI,0.06682964332008079
BB_Position,0.06324330486490097
RSI_BB_Interaction,0.06296635453084705
Return_20days,0.06072878222738466
Dist_From_High,0.05974847659316807
Momentum_20,0.0588286685722945
