Feature,Importance
TNX_Momentum,0.07596188813466973
VIX_SMA20_Ratio,0.07090475431399464
SMA200_LogDist,0.0703437240834116
Return_5days,0.06905595302776969
Price_VIX_Corr,0.06891472927918721
SMA_Cross_Ratio,0.06860453549995445
VIX_Change_5d,0.0685681858350936
Vol_VIX_Divergence,0.06826280689308592
Vol_Shock,0.06792510040586297
RSI,0.06681731910329264
BB_Position,0.06371896074470612
RSI_BB_Interaction,0.06232133548457526
Dist_From_High,0.06007606849836641
Return_20days,0.0594863326546647
Momentum_20,0.05903830604136493
